{
    "loss": [
        39.786783272365355,
        33.723814100589394,
        35.28906156431954,
        40.080273934130396,
        46.588241073320496,
        50.878075617664265,
        57.57601194561652,
        57.403295786875596,
        64.27668236786465,
        62.94398311399064,
        67.73450977397415,
        63.81426379365741,
        73.82933562656619,
        78.36921083702231,
        78.37038011370964,
        77.85161586977401,
        73.44051386275382,
        81.72360866474655,
        71.24569903679614,
        85.39281370055001,
        83.07709477982431,
        83.10981333030844,
        86.98306713464125,
        90.90793721181042,
        86.29995472026322,
        92.18849646370366,
        89.78225646828706,
        96.55046268679061,
        95.28502010849287,
        93.59925086543245,
        96.07446713717479,
        100.82584431486309,
        96.68433470096228,
        102.56421740549915,
        103.42351316056161,
        107.67827361484744,
        109.45786573302071,
        107.5859016562408,
        110.34687815972094,
        110.16559766373544,
        112.55043231316333,
        111.41122037059856,
        113.40563144323961,
        114.63802312455087,
        116.38166164902022,
        116.37910411042988,
        116.47080140743616,
        116.71660257735343,
        117.45913145677099,
        117.48025361546931
    ],
    "slot_precision": [
        0.31689416283695726,
        0.5280676699989014,
        0.5247005988023952,
        0.5173945225758697,
        0.547193300135808,
        0.5494480738905159,
        0.5232029117379435,
        0.5314505776636713,
        0.522207674488871,
        0.5323851427402025,
        0.5664351086117543,
        0.5191662430096594,
        0.5103202160493827,
        0.5371338912133892,
        0.529951036566309,
        0.4891108891108891,
        0.519015191199581,
        0.5789090025513304,
        0.5575444761695585,
        0.5524061343204654,
        0.5773519163763067,
        0.5407789972024962,
        0.5544401544401545,
        0.5623093435769969,
        0.5661672194898776,
        0.5543560401597755,
        0.5627271725961009,
        0.5734641438916142,
        0.5676918025610157,
        0.5606513791957461,
        0.5646440943122136,
        0.5823441281548922,
        0.5777322870465142,
        0.5748955864093013,
        0.5757919836493698,
        0.5845940639796743,
        0.5685519366197183,
        0.5824820946342609,
        0.5532747857369591,
        0.5685670261941448,
        0.5837236533957846,
        0.5803025054843551,
        0.5868882947808904,
        0.5732748932344347,
        0.5905233380480905,
        0.5893992932862191,
        0.5826698973116419,
        0.5767225747960109,
        0.581216231750776,
        0.5816503173687247
    ],
    "slot_recall": [
        0.5232755691471288,
        0.5444557707554649,
        0.5557820817759656,
        0.5541963982330955,
        0.5476271378412051,
        0.5524974515800204,
        0.5861365953109072,
        0.5626911314984709,
        0.5872692264129573,
        0.5893079623966474,
        0.581832597123117,
        0.5783214407067618,
        0.599275116094688,
        0.581606070902707,
        0.5761694416128667,
        0.5545361875637105,
        0.5611054479556009,
        0.5396987201268547,
        0.5750368105108167,
        0.5915732246007476,
        0.563030920829086,
        0.5692603918903613,
        0.5692603918903613,
        0.563710499490316,
        0.5606523955147809,
        0.581606070902707,
        0.5786612300373768,
        0.5561218711065806,
        0.5874957526333673,
        0.5732246007475366,
        0.5723184958658964,
        0.5723184958658964,
        0.5753765998414316,
        0.5768490202740967,
        0.5743572318495865,
        0.5733378638577415,
        0.5852304904292672,
        0.5618982897270359,
        0.5922528032619776,
        0.5851172273190621,
        0.564616604371956,
        0.5692603918903613,
        0.5718654434250765,
        0.5777551251557368,
        0.5674481821270813,
        0.5667686034658511,
        0.5719787065352815,
        0.5763959678332767,
        0.5726582851965115,
        0.5708460754332314
    ],
    "slot_f1": [
        0.39473684210526316,
        0.5361365157260763,
        0.5397942907430834,
        0.5351635130701083,
        0.547410133031418,
        0.5509685435138646,
        0.5528846153846153,
        0.5466248555867305,
        0.55283079219533,
        0.5594022148156113,
        0.5740306179461393,
        0.5471495927989712,
        0.5512319633276033,
        0.5584860514437979,
        0.5520946385934449,
        0.5197728117203673,
        0.5392402307608577,
        0.5586166471277842,
        0.5661555617507668,
        0.5713191861737037,
        0.5701014966454498,
        0.5546543066821166,
        0.5617525427517602,
        0.5630090497737557,
        0.5633963123150466,
        0.5676542118063233,
        0.5705829796738887,
        0.564659881547927,
        0.5774240231548481,
        0.5668682795698925,
        0.5684553943075712,
        0.5772877870444418,
        0.5765520372261946,
        0.5758706467661691,
        0.5750737128600589,
        0.5789112534309241,
        0.5767706647318189,
        0.5720050732157269,
        0.5721006564551422,
        0.5767234161317332,
        0.5740111693246589,
        0.5747284162378503,
        0.5792794860027536,
        0.5755062898403566,
        0.57875584820655,
        0.5778624631907153,
        0.5772748056698673,
        0.5765592250608962,
        0.5769055225924236,
        0.5761975534468962
    ],
    "train_loss": [
        16796.080768585205,
        27306.392427444458,
        34581.60075187683,
        39700.97447395325,
        43431.513907432556,
        46322.12134885788,
        48697.10989713669,
        50787.504350185394,
        52460.427757024765,
        53787.60477900505,
        55030.01079058647,
        56227.8841240406,
        57901.690193891525,
        59465.801152706146,
        61020.16700446606,
        62048.46153485775,
        63140.75538671017,
        64457.23848032951,
        65285.23166461289,
        65928.0964346677,
        66569.13647387922,
        67187.40791939199,
        68429.98713539541,
        69624.62363360822,
        70838.08770750463,
        72004.99799774587,
        73164.58678887784,
        74230.82509873807,
        75298.5417277664,
        76422.81647895277,
        77511.19765137136,
        78529.47250317037,
        79523.77304576337,
        80514.49987958372,
        81450.35457752645,
        82327.94463025033,
        83215.28703890741,
        84125.79022835195,
        85004.48166416585,
        85848.37956260145,
        86692.67282031476,
        87523.48737667501,
        88358.36399196088,
        89174.33369110525,
        89982.90937255323,
        90784.18312238157,
        91579.93831799924,
        92366.91760204732,
        93150.44023035467,
        93933.0061186403
    ]
}